﻿pos_x,pos_y,rotation,side,designator,mpn,pack,value,mount_type,place
41.402,-23.9804,180.0,bottom,C1,,C_1206_3216Metric_Pad1.33x1.80mm_HandSolder,0.01 μF,smt,True
41.402,-27.3304,180.0,bottom,C2,,C_1206_3216Metric_Pad1.33x1.80mm_HandSolder,0.01 μF,smt,True
85.86,-11.0,0.0,top,D1,,D_DO-35_SOD27_P7.62mm_Horizontal,D,tht,True
182.34,-11.0,0.0,top,D10,,D_DO-35_SOD27_P7.62mm_Horizontal,D,tht,True
193.06,-11.0,0.0,top,D11,,D_DO-35_SOD27_P7.62mm_Horizontal,D,tht,True
203.78,-11.0,0.0,top,D12,,D_DO-35_SOD27_P7.62mm_Horizontal,D,tht,True
214.5,-11.0,0.0,top,D13,,D_DO-35_SOD27_P7.62mm_Horizontal,D,tht,True
225.22,-11.0,0.0,top,D14,,D_DO-35_SOD27_P7.62mm_Horizontal,D,tht,True
85.86,-14.5,0.0,top,D15,,D_DO-35_SOD27_P7.62mm_Horizontal,D,tht,True
96.58,-14.5,0.0,top,D16,,D_DO-35_SOD27_P7.62mm_Horizontal,D,tht,True
107.3,-14.5,0.0,top,D17,,D_DO-35_SOD27_P7.62mm_Horizontal,D,tht,True
118.02,-14.5,0.0,top,D18,,D_DO-35_SOD27_P7.62mm_Horizontal,D,tht,True
128.74,-14.5,0.0,top,D19,,D_DO-35_SOD27_P7.62mm_Horizontal,D,tht,True
96.58,-11.0,0.0,top,D2,,D_DO-35_SOD27_P7.62mm_Horizontal,D,tht,True
139.46,-14.5,0.0,top,D20,,D_DO-35_SOD27_P7.62mm_Horizontal,D,tht,True
150.18,-14.5,0.0,top,D21,,D_DO-35_SOD27_P7.62mm_Horizontal,D,tht,True
160.9,-14.5,0.0,top,D22,,D_DO-35_SOD27_P7.62mm_Horizontal,D,tht,True
171.62,-14.5,0.0,top,D23,,D_DO-35_SOD27_P7.62mm_Horizontal,D,tht,True
182.34,-14.5,0.0,top,D24,,D_DO-35_SOD27_P7.62mm_Horizontal,D,tht,True
193.06,-14.5,0.0,top,D25,,D_DO-35_SOD27_P7.62mm_Horizontal,D,tht,True
203.78,-14.5,0.0,top,D26,,D_DO-35_SOD27_P7.62mm_Horizontal,D,tht,True
214.5,-14.5,0.0,top,D27,,D_DO-35_SOD27_P7.62mm_Horizontal,D,tht,True
225.22,-14.5,0.0,top,D28,,D_DO-35_SOD27_P7.62mm_Horizontal,D,tht,True
85.86,-18.0,0.0,top,D29,,D_DO-35_SOD27_P7.62mm_Horizontal,D,tht,True
107.3,-11.0,0.0,top,D3,,D_DO-35_SOD27_P7.62mm_Horizontal,D,tht,True
96.58,-18.0,0.0,top,D30,,D_DO-35_SOD27_P7.62mm_Horizontal,D,tht,True
107.3,-18.0,0.0,top,D31,,D_DO-35_SOD27_P7.62mm_Horizontal,D,tht,True
118.02,-18.0,0.0,top,D32,,D_DO-35_SOD27_P7.62mm_Horizontal,D,tht,True
128.74,-18.0,0.0,top,D33,,D_DO-35_SOD27_P7.62mm_Horizontal,D,tht,True
139.46,-18.0,0.0,top,D34,,D_DO-35_SOD27_P7.62mm_Horizontal,D,tht,True
150.18,-18.0,0.0,top,D35,,D_DO-35_SOD27_P7.62mm_Horizontal,D,tht,True
160.9,-18.0,0.0,top,D36,,D_DO-35_SOD27_P7.62mm_Horizontal,D,tht,True
171.62,-18.0,0.0,top,D37,,D_DO-35_SOD27_P7.62mm_Horizontal,D,tht,True
182.34,-18.0,0.0,top,D38,,D_DO-35_SOD27_P7.62mm_Horizontal,D,tht,True
193.06,-18.0,0.0,top,D39,,D_DO-35_SOD27_P7.62mm_Horizontal,D,tht,True
118.02,-11.0,0.0,top,D4,,D_DO-35_SOD27_P7.62mm_Horizontal,D,tht,True
203.78,-18.0,0.0,top,D40,,D_DO-35_SOD27_P7.62mm_Horizontal,D,tht,True
214.5,-18.0,0.0,top,D41,,D_DO-35_SOD27_P7.62mm_Horizontal,D,tht,True
225.22,-18.0,0.0,top,D42,,D_DO-35_SOD27_P7.62mm_Horizontal,D,tht,True
85.86,-21.5,0.0,top,D43,,D_DO-35_SOD27_P7.62mm_Horizontal,D,tht,True
96.58,-21.5,0.0,top,D44,,D_DO-35_SOD27_P7.62mm_Horizontal,D,tht,True
107.3,-21.5,0.0,top,D45,,D_DO-35_SOD27_P7.62mm_Horizontal,D,tht,True
118.02,-21.5,0.0,top,D46,,D_DO-35_SOD27_P7.62mm_Horizontal,D,tht,True
128.74,-21.5,0.0,top,D47,,D_DO-35_SOD27_P7.62mm_Horizontal,D,tht,True
139.46,-21.5,0.0,top,D48,,D_DO-35_SOD27_P7.62mm_Horizontal,D,tht,True
150.18,-21.5,0.0,top,D49,,D_DO-35_SOD27_P7.62mm_Horizontal,D,tht,True
128.74,-11.0,0.0,top,D5,,D_DO-35_SOD27_P7.62mm_Horizontal,D,tht,True
160.9,-21.5,0.0,top,D50,,D_DO-35_SOD27_P7.62mm_Horizontal,D,tht,True
171.62,-21.5,0.0,top,D51,,D_DO-35_SOD27_P7.62mm_Horizontal,D,tht,True
182.34,-21.5,0.0,top,D52,,D_DO-35_SOD27_P7.62mm_Horizontal,D,tht,True
193.06,-21.5,0.0,top,D53,,D_DO-35_SOD27_P7.62mm_Horizontal,D,tht,True
203.78,-21.5,0.0,top,D54,,D_DO-35_SOD27_P7.62mm_Horizontal,D,tht,True
214.5,-21.5,0.0,top,D55,,D_DO-35_SOD27_P7.62mm_Horizontal,D,tht,True
225.22,-21.5,0.0,top,D56,,D_DO-35_SOD27_P7.62mm_Horizontal,D,tht,True
85.86,-25.0,0.0,top,D57,,D_DO-35_SOD27_P7.62mm_Horizontal,D,tht,True
96.58,-25.0,0.0,top,D58,,D_DO-35_SOD27_P7.62mm_Horizontal,D,tht,True
107.3,-25.0,0.0,top,D59,,D_DO-35_SOD27_P7.62mm_Horizontal,D,tht,True
139.46,-11.0,0.0,top,D6,,D_DO-35_SOD27_P7.62mm_Horizontal,D,tht,True
118.02,-25.0,0.0,top,D60,,D_DO-35_SOD27_P7.62mm_Horizontal,D,tht,True
128.74,-25.0,0.0,top,D61,,D_DO-35_SOD27_P7.62mm_Horizontal,D,tht,True
139.46,-25.0,0.0,top,D62,,D_DO-35_SOD27_P7.62mm_Horizontal,D,tht,True
150.18,-25.0,0.0,top,D63,,D_DO-35_SOD27_P7.62mm_Horizontal,D,tht,True
160.9,-25.0,0.0,top,D64,,D_DO-35_SOD27_P7.62mm_Horizontal,D,tht,True
171.62,-25.0,0.0,top,D65,,D_DO-35_SOD27_P7.62mm_Horizontal,D,tht,True
182.34,-25.0,0.0,top,D66,,D_DO-35_SOD27_P7.62mm_Horizontal,D,tht,True
193.06,-25.0,0.0,top,D67,,D_DO-35_SOD27_P7.62mm_Horizontal,D,tht,True
203.78,-25.0,0.0,top,D68,,D_DO-35_SOD27_P7.62mm_Horizontal,D,tht,True
214.5,-25.0,0.0,top,D69,,D_DO-35_SOD27_P7.62mm_Horizontal,D,tht,True
150.18,-11.0,0.0,top,D7,,D_DO-35_SOD27_P7.62mm_Horizontal,D,tht,True
225.22,-25.0,0.0,top,D70,,D_DO-35_SOD27_P7.62mm_Horizontal,D,tht,True
85.86,-28.5,0.0,top,D71,,D_DO-35_SOD27_P7.62mm_Horizontal,D,tht,True
96.58,-28.5,0.0,top,D72,,D_DO-35_SOD27_P7.62mm_Horizontal,D,tht,True
107.3,-28.5,0.0,top,D73,,D_DO-35_SOD27_P7.62mm_Horizontal,D,tht,True
118.02,-28.5,0.0,top,D74,,D_DO-35_SOD27_P7.62mm_Horizontal,D,tht,True
128.74,-28.5,0.0,top,D75,,D_DO-35_SOD27_P7.62mm_Horizontal,D,tht,True
139.46,-28.5,0.0,top,D76,,D_DO-35_SOD27_P7.62mm_Horizontal,D,tht,True
150.18,-28.5,0.0,top,D77,,D_DO-35_SOD27_P7.62mm_Horizontal,D,tht,True
160.9,-28.5,0.0,top,D78,,D_DO-35_SOD27_P7.62mm_Horizontal,D,tht,True
171.62,-28.5,0.0,top,D79,,D_DO-35_SOD27_P7.62mm_Horizontal,D,tht,True
160.9,-11.0,0.0,top,D8,,D_DO-35_SOD27_P7.62mm_Horizontal,D,tht,True
182.34,-28.5,0.0,top,D80,,D_DO-35_SOD27_P7.62mm_Horizontal,D,tht,True
193.06,-28.5,0.0,top,D81,,D_DO-35_SOD27_P7.62mm_Horizontal,D,tht,True
203.78,-28.5,0.0,top,D82,,D_DO-35_SOD27_P7.62mm_Horizontal,D,tht,True
214.5,-28.5,0.0,top,D83,,D_DO-35_SOD27_P7.62mm_Horizontal,D,tht,True
225.22,-28.5,0.0,top,D84,,D_DO-35_SOD27_P7.62mm_Horizontal,D,tht,True
171.62,-11.0,0.0,top,D9,,D_DO-35_SOD27_P7.62mm_Horizontal,D,tht,True
222.0722,-35.0266,90.0,top,J1,,PinHeader_1x03_P2.54mm_Vertical,PiPowerSwitch,tht,True
273.8,-34.0,-90.0,top,J2,,Raspberry_Pi_Zero_Socketed_THT_MountingHoles_Castellated,Pi_Zero,tht,True
64.2,-18.625,-90.0,bottom,J3,,PinHeader_1x04_P2.54mm_Horizontal,I2C0,tht,True
68.0,-23.0,0.0,top,J4,,JMD0.96C,JMD0.96C,tht,True
23.5204,-9.3472,-90.0,bottom,J5,,PinHeader_1x03_P2.54mm_Horizontal,WS2812,tht,True
179.06875,-130.475,180.0,bottom,J6,,JST_PH_S4B-PH-K_1x04_P2.00mm_Horizontal,Extra_Keys,tht,True
130.96875,-130.475,180.0,bottom,J8,,JST_PH_S4B-PH-K_1x04_P2.00mm_Horizontal,JoyStick_Or_I2C1,tht,True
9.2202,-10.2362,0.0,bottom,R1,,R_Axial_DIN0207_L6.3mm_D2.5mm_P10.16mm_Horizontal,330,tht,True
13.0302,-39.751,180.0,bottom,R2,,R_Axial_DIN0207_L6.3mm_D2.5mm_P10.16mm_Horizontal,10k,tht,True
25.273,-79.8068,-90.0,bottom,R3,,R_Axial_DIN0207_L6.3mm_D2.5mm_P10.16mm_Horizontal,10k,tht,True
49.657,-87.6554,90.0,bottom,R4,,R_Axial_DIN0207_L6.3mm_D2.5mm_P10.16mm_Horizontal,10k,tht,True
46.7868,-73.279,90.0,bottom,R5,,R_Axial_DIN0207_L6.3mm_D2.5mm_P10.16mm_Horizontal,10k,tht,True
207.645,-38.9128,90.0,top,SW1,,SW_DIP_SPSTx04_Slide_6.7x11.72mm_W7.62mm_P2.54mm_LowProfile,SPI_SW,tht,True
163.925,-49.525,0.0,top,SW10,,SW_Hotswap_Kailh_MX_1.00u,SW_7,smt,True
182.975,-49.525,0.0,top,SW11,,SW_Hotswap_Kailh_MX_1.00u,SW_8,smt,True
202.025,-49.525,0.0,top,SW12,,SW_Hotswap_Kailh_MX_1.00u,SW_9,smt,True
221.075,-49.525,0.0,top,SW13,,SW_Hotswap_Kailh_MX_1.00u,SW_0,smt,True
240.125,-49.525,0.0,top,SW14,,SW_Hotswap_Kailh_MX_1.00u,SW_-,smt,True
259.175,-49.525,0.0,top,SW15,,SW_Hotswap_Kailh_MX_1.00u,SW_+,smt,True
11.525,-68.575,0.0,top,SW16,,SW_Hotswap_Kailh_MX_1.00u,SW_esc,smt,True
35.3375,-68.575,0.0,top,SW17,,SW_Hotswap_Kailh_MX_1.50u,SW_tab,smt,True
59.15,-68.575,0.0,top,SW18,,SW_Hotswap_Kailh_MX_1.00u,SW_q,smt,True
78.2,-68.575,0.0,top,SW19,,SW_Hotswap_Kailh_MX_1.00u,SW_w,smt,True
4.045,-47.045,0.0,top,SW2,,RotaryEncoder_Alps_EC11E-Switch_Vertical_H20mm_CircularMountingHoles,RotaryEncoder_Switch,tht,True
97.25,-68.575,0.0,top,SW20,,SW_Hotswap_Kailh_MX_1.00u,SW_e,smt,True
116.3,-68.575,0.0,top,SW21,,SW_Hotswap_Kailh_MX_1.00u,SW_r,smt,True
135.35,-68.575,0.0,top,SW22,,SW_Hotswap_Kailh_MX_1.00u,SW_t,smt,True
154.4,-68.575,0.0,top,SW23,,SW_Hotswap_Kailh_MX_1.00u,SW_y,smt,True
173.45,-68.575,0.0,top,SW24,,SW_Hotswap_Kailh_MX_1.00u,SW_u,smt,True
192.5,-68.575,0.0,top,SW25,,SW_Hotswap_Kailh_MX_1.00u,SW_i,smt,True
211.55,-68.575,0.0,top,SW26,,SW_Hotswap_Kailh_MX_1.00u,SW_o,smt,True
230.6,-68.575,0.0,top,SW27,,SW_Hotswap_Kailh_MX_1.00u,SW_p,smt,True
249.65,-68.575,0.0,top,SW28,,SW_Hotswap_Kailh_MX_1.00u,SW_[,smt,True
287.75,-49.525,0.0,top,SW29,,SW_Hotswap_Kailh_MX_2.00u,SW_back,smt,True
30.575,-49.525,0.0,top,SW3,,SW_Hotswap_Kailh_MX_1.00u,SW_`,smt,True
11.525,-87.625,0.0,top,SW30,,SW_Hotswap_Kailh_MX_1.00u,SW_del,smt,True
37.71875,-87.625,0.0,top,SW31,,SW_Hotswap_Kailh_MX_1.75u,SW_caps,smt,True
63.9125,-87.625,0.0,top,SW32,,SW_Hotswap_Kailh_MX_1.00u,SW_a,smt,True
82.9625,-87.625,0.0,top,SW33,,SW_Hotswap_Kailh_MX_1.00u,SW_s,smt,True
121.0625,-87.625,0.0,top,SW34,,SW_Hotswap_Kailh_MX_1.00u,SW_f,smt,True
140.1125,-87.625,0.0,top,SW35,,SW_Hotswap_Kailh_MX_1.00u,SW_g,smt,True
159.1625,-87.625,0.0,top,SW36,,SW_Hotswap_Kailh_MX_1.00u,SW_h,smt,True
178.2125,-87.625,0.0,top,SW37,,SW_Hotswap_Kailh_MX_1.00u,SW_j,smt,True
197.2625,-87.625,0.0,top,SW38,,SW_Hotswap_Kailh_MX_1.00u,SW_k,smt,True
216.3125,-87.625,0.0,top,SW39,,SW_Hotswap_Kailh_MX_1.00u,SW_l,smt,True
49.625,-49.525,0.0,top,SW4,,SW_Hotswap_Kailh_MX_1.00u,SW_1,smt,True
235.3625,-87.625,0.0,top,SW40,,SW_Hotswap_Kailh_MX_1.00u,SW_;,smt,True
254.4125,-87.625,0.0,top,SW41,,SW_Hotswap_Kailh_MX_1.00u,SW_',smt,True
268.7,-68.575,0.0,top,SW42,,SW_Hotswap_Kailh_MX_1.00u,SW_],smt,True
11.525,-106.675,0.0,top,SW43,,SW_Hotswap_Kailh_MX_1.00u,SW_ins,smt,True
42.48125,-106.675,0.0,top,SW44,,SW_Hotswap_Kailh_MX_2.25u,SW_shift,smt,True
73.4375,-106.675,0.0,top,SW45,,SW_Hotswap_Kailh_MX_1.00u,SW_z,smt,True
92.4875,-106.675,0.0,top,SW46,,SW_Hotswap_Kailh_MX_1.00u,SW_x,smt,True
130.5875,-106.675,0.0,top,SW47,,SW_Hotswap_Kailh_MX_1.00u,SW_v,smt,True
149.6375,-106.675,0.0,top,SW48,,SW_Hotswap_Kailh_MX_1.00u,SW_b,smt,True
168.6875,-106.675,0.0,top,SW49,,SW_Hotswap_Kailh_MX_1.00u,SW_n,smt,True
68.675,-49.525,0.0,top,SW5,,SW_Hotswap_Kailh_MX_1.00u,SW_2,smt,True
187.7375,-106.675,0.0,top,SW50,,SW_Hotswap_Kailh_MX_1.00u,SW_m,smt,True
206.7875,-106.675,0.0,top,SW51,,SW_Hotswap_Kailh_MX_1.00u,"SW_,",smt,True
225.8375,-106.675,0.0,top,SW52,,SW_Hotswap_Kailh_MX_1.00u,SW_.,smt,True
244.8875,-106.675,0.0,top,SW53,,SW_Hotswap_Kailh_MX_1.00u,SW_/,smt,True
280.60625,-106.675,0.0,top,SW54,,SW_Hotswap_Kailh_MX_2.75u,SW_r_shift,smt,True
292.5125,-68.575,0.0,top,SW55,,SW_Hotswap_Kailh_MX_1.50u,SW_\,smt,True
111.5375,-106.675,0.0,top,SW56,,SW_Hotswap_Kailh_MX_1.00u,SW_c,smt,True
11.525,-125.725,0.0,top,SW57,,SW_Hotswap_Kailh_MX_1.00u,SW_fn1,smt,True
32.956249,-125.725,0.0,top,SW58,,SW_Hotswap_Kailh_MX_1.25u,SW_ctrl,smt,True
56.76875,-125.725,0.0,top,SW59,,SW_Hotswap_Kailh_MX_1.25u,SW_super,smt,True
87.725,-49.525,0.0,top,SW6,,SW_Hotswap_Kailh_MX_1.00u,SW_3,smt,True
80.58125,-125.725,0.0,top,SW60,,SW_Hotswap_Kailh_MX_1.25u,SW_alt,smt,True
102.0125,-87.625,0.0,top,SW61,,SW_Hotswap_Kailh_MX_1.00u,SW_d,smt,True
152.01875,-125.725,0.0,top,SW62,,SW_Hotswap_Kailh_MX_6.25u,SW_space,smt,True
221.075,-125.725,0.0,top,SW63,,SW_Hotswap_Kailh_MX_1.00u,SW_fn2,smt,True
240.125,-125.725,0.0,top,SW64,,SW_Hotswap_Kailh_MX_1.00u,SW_left,smt,True
259.175,-125.725,0.0,top,SW65,,SW_Hotswap_Kailh_MX_1.00u,SW_down,smt,True
278.225,-125.725,0.0,top,SW66,,SW_Hotswap_Kailh_MX_1.00u,SW_up,smt,True
297.275,-125.725,0.0,top,SW67,,SW_Hotswap_Kailh_MX_1.00u,SW_right,smt,True
285.36875,-87.625,0.0,top,SW68,,SW_Hotswap_Kailh_MX_2.25u,SW_enter,smt,True
106.774999,-49.525,0.0,top,SW7,,SW_Hotswap_Kailh_MX_1.00u,SW_4,smt,True
125.824999,-49.525,0.0,top,SW8,,SW_Hotswap_Kailh_MX_1.00u,SW_5,smt,True
144.875,-49.525,0.0,top,SW9,,SW_Hotswap_Kailh_MX_1.00u,SW_6,smt,True
26.0,-26.0,90.0,top,U1,,RPi_Pico_SMD_TH,Pico,tht,True
