﻿designator,quantity,value,pack,mpn,mount_type
"C1, C2",2,0.01 μF,C_1206_3216Metric_Pad1.33x1.80mm_HandSolder,,smt
"D1, D10, D11, D12, D13, D14, D15, D16, D17, D18, D19, D2, D20, D21, D22, D23, D24, D25, D26, D27, D28, D29, D3, D30, D31, D32, D33, D34, D35, D36, D37, D38, D39, D4, D40, D41, D42, D43, D44, D45, D46, D47, D48, D49, D5, D50, D51, D52, D53, D54, D55, D56, D57, D58, D59, D6, D60, D61, D62, D63, D64, D65, D66, D67, D68, D69, D7, D70, D71, D72, D73, D74, D75, D76, D77, D78, D79, D8, D80, D81, D82, D83, D84, D9",84,D,D_DO-35_SOD27_P7.62mm_Horizontal,,tht
J1,1,PiPowerSwitch,PinHeader_1x03_P2.54mm_Vertical,,tht
J2,1,Pi_Zero,Raspberry_Pi_Zero_Socketed_THT_MountingHoles_Castellated,,tht
J3,1,I2C0,PinHeader_1x04_P2.54mm_Horizontal,,tht
J4,1,JMD0.96C,JMD0.96C,,tht
J5,1,WS2812,PinHeader_1x03_P2.54mm_Horizontal,,tht
J6,1,Extra_Keys,JST_PH_S4B-PH-K_1x04_P2.00mm_Horizontal,,tht
J8,1,JoyStick_Or_I2C1,JST_PH_S4B-PH-K_1x04_P2.00mm_Horizontal,,tht
R1,1,330,R_Axial_DIN0207_L6.3mm_D2.5mm_P10.16mm_Horizontal,,tht
"R2, R3, R4, R5",4,10k,R_Axial_DIN0207_L6.3mm_D2.5mm_P10.16mm_Horizontal,,tht
SW1,1,SPI_SW,SW_DIP_SPSTx04_Slide_6.7x11.72mm_W7.62mm_P2.54mm_LowProfile,,tht
SW10,1,SW_7,SW_Hotswap_Kailh_MX_1.00u,,smt
SW11,1,SW_8,SW_Hotswap_Kailh_MX_1.00u,,smt
SW12,1,SW_9,SW_Hotswap_Kailh_MX_1.00u,,smt
SW13,1,SW_0,SW_Hotswap_Kailh_MX_1.00u,,smt
SW14,1,SW_-,SW_Hotswap_Kailh_MX_1.00u,,smt
SW15,1,SW_+,SW_Hotswap_Kailh_MX_1.00u,,smt
SW16,1,SW_esc,SW_Hotswap_Kailh_MX_1.00u,,smt
SW17,1,SW_tab,SW_Hotswap_Kailh_MX_1.50u,,smt
SW18,1,SW_q,SW_Hotswap_Kailh_MX_1.00u,,smt
SW19,1,SW_w,SW_Hotswap_Kailh_MX_1.00u,,smt
SW2,1,RotaryEncoder_Switch,RotaryEncoder_Alps_EC11E-Switch_Vertical_H20mm_CircularMountingHoles,,tht
SW20,1,SW_e,SW_Hotswap_Kailh_MX_1.00u,,smt
SW21,1,SW_r,SW_Hotswap_Kailh_MX_1.00u,,smt
SW22,1,SW_t,SW_Hotswap_Kailh_MX_1.00u,,smt
SW23,1,SW_y,SW_Hotswap_Kailh_MX_1.00u,,smt
SW24,1,SW_u,SW_Hotswap_Kailh_MX_1.00u,,smt
SW25,1,SW_i,SW_Hotswap_Kailh_MX_1.00u,,smt
SW26,1,SW_o,SW_Hotswap_Kailh_MX_1.00u,,smt
SW27,1,SW_p,SW_Hotswap_Kailh_MX_1.00u,,smt
SW28,1,SW_[,SW_Hotswap_Kailh_MX_1.00u,,smt
SW29,1,SW_back,SW_Hotswap_Kailh_MX_2.00u,,smt
SW3,1,SW_`,SW_Hotswap_Kailh_MX_1.00u,,smt
SW30,1,SW_del,SW_Hotswap_Kailh_MX_1.00u,,smt
SW31,1,SW_caps,SW_Hotswap_Kailh_MX_1.75u,,smt
SW32,1,SW_a,SW_Hotswap_Kailh_MX_1.00u,,smt
SW33,1,SW_s,SW_Hotswap_Kailh_MX_1.00u,,smt
SW34,1,SW_f,SW_Hotswap_Kailh_MX_1.00u,,smt
SW35,1,SW_g,SW_Hotswap_Kailh_MX_1.00u,,smt
SW36,1,SW_h,SW_Hotswap_Kailh_MX_1.00u,,smt
SW37,1,SW_j,SW_Hotswap_Kailh_MX_1.00u,,smt
SW38,1,SW_k,SW_Hotswap_Kailh_MX_1.00u,,smt
SW39,1,SW_l,SW_Hotswap_Kailh_MX_1.00u,,smt
SW4,1,SW_1,SW_Hotswap_Kailh_MX_1.00u,,smt
SW40,1,SW_;,SW_Hotswap_Kailh_MX_1.00u,,smt
SW41,1,SW_',SW_Hotswap_Kailh_MX_1.00u,,smt
SW42,1,SW_],SW_Hotswap_Kailh_MX_1.00u,,smt
SW43,1,SW_ins,SW_Hotswap_Kailh_MX_1.00u,,smt
SW44,1,SW_shift,SW_Hotswap_Kailh_MX_2.25u,,smt
SW45,1,SW_z,SW_Hotswap_Kailh_MX_1.00u,,smt
SW46,1,SW_x,SW_Hotswap_Kailh_MX_1.00u,,smt
SW47,1,SW_v,SW_Hotswap_Kailh_MX_1.00u,,smt
SW48,1,SW_b,SW_Hotswap_Kailh_MX_1.00u,,smt
SW49,1,SW_n,SW_Hotswap_Kailh_MX_1.00u,,smt
SW5,1,SW_2,SW_Hotswap_Kailh_MX_1.00u,,smt
SW50,1,SW_m,SW_Hotswap_Kailh_MX_1.00u,,smt
SW51,1,"SW_,",SW_Hotswap_Kailh_MX_1.00u,,smt
SW52,1,SW_.,SW_Hotswap_Kailh_MX_1.00u,,smt
SW53,1,SW_/,SW_Hotswap_Kailh_MX_1.00u,,smt
SW54,1,SW_r_shift,SW_Hotswap_Kailh_MX_2.75u,,smt
SW55,1,SW_\,SW_Hotswap_Kailh_MX_1.50u,,smt
SW56,1,SW_c,SW_Hotswap_Kailh_MX_1.00u,,smt
SW57,1,SW_fn1,SW_Hotswap_Kailh_MX_1.00u,,smt
SW58,1,SW_ctrl,SW_Hotswap_Kailh_MX_1.25u,,smt
SW59,1,SW_super,SW_Hotswap_Kailh_MX_1.25u,,smt
SW6,1,SW_3,SW_Hotswap_Kailh_MX_1.00u,,smt
SW60,1,SW_alt,SW_Hotswap_Kailh_MX_1.25u,,smt
SW61,1,SW_d,SW_Hotswap_Kailh_MX_1.00u,,smt
SW62,1,SW_space,SW_Hotswap_Kailh_MX_6.25u,,smt
SW63,1,SW_fn2,SW_Hotswap_Kailh_MX_1.00u,,smt
SW64,1,SW_left,SW_Hotswap_Kailh_MX_1.00u,,smt
SW65,1,SW_down,SW_Hotswap_Kailh_MX_1.00u,,smt
SW66,1,SW_up,SW_Hotswap_Kailh_MX_1.00u,,smt
SW67,1,SW_right,SW_Hotswap_Kailh_MX_1.00u,,smt
SW68,1,SW_enter,SW_Hotswap_Kailh_MX_2.25u,,smt
SW7,1,SW_4,SW_Hotswap_Kailh_MX_1.00u,,smt
SW8,1,SW_5,SW_Hotswap_Kailh_MX_1.00u,,smt
SW9,1,SW_6,SW_Hotswap_Kailh_MX_1.00u,,smt
U1,1,Pico,RPi_Pico_SMD_TH,,tht
